product_id,product_name
42230604,Cashvertising - Sáng Tạo Nội Dung Bán Bất Cứ Thứ Gì Cho Bất Kỳ Ai
174469215,Trà dây thìa canh tiểu đường Mộc Can giúp giảm đường huyết ngăn ngừa những biến chứng của bênh tiểu đường hộp 25 túi lọc
32453922,"Giấy In Màu Kỹ Thuật Số MEDIA 1 Mặt Bóng (Glossy) Khổ A4 (210 x 297mm) Định Lượng 230gsm 50 Tờ, Dùng In Ảnh Màu & Tài Liệu Màu - Hàng Chính Hãng"
382665,Sữa Tẩy Tế Bào Chết Dưỡng Sáng Da & Ngừa Mụn Tràm Trà Vedette 45ml
55891615,Bigsize - Kem ủ trắng toàn thân Truesky Whitening Body Cream chiết xuất rễ cây cam thảo 200g
67056051,Giá Đỡ Để Bàn Điện Thoại Máy Tính Bảng Ipad Hợp Kim Nhôm ABS Cao Cấp Nâng Hạ - Xoay Tròn - Điều Chỉnh Góc Độ - KT 9.5x9.5x20 Cm - Hàng Chính Hãng 
31637622,Viên uống DHC Rau Củ Quả Tổng hợp Premium
120357410,Thực Hành Khởi Nghiệp - Từng Bước Nhỏ Làm Chủ Doanh Nghiệp Lớn
20818444,Combo 2 Sensodyne Gentle Whitening - giúp làm trắng răng tự nhiên
54798285,Combo 3 túi Bún Tươi MeKong River 300g
